Title,Media URL,Pinterest board,Thumbnail,Description,Link,Publish date,Keywords
"White Sox Clinch Thrilling 11th-Inning Win Over Guardians in a Rain-Soaked Battle ‚öæ","https://i0.wp.com/res.cloudinary.com/glide/image/fetch/https%3A%2F%2Fs.yimg.com%2Fny%2Fapi%2Fres%2F1.2%2FWVPbiViOFnZ4OkZed.wvWA--%2FYXBwaWQ9aGlnaGxhbmRlcjt3PTEyNDI7aD04MzA-%2Fhttps%3A%2F%2Fmedia.zenfs.com%2Fen%2Fap.org%2F645e409a7ead6ca74a573f063ea173f5?ssl=1","sports","","CHICAGO (AP) ‚Äî Mike Tauchman drove in Colson Montgomery with an infield single in the 11th inning, and the Chicago White Sox beat the Cleveland Guardians 5-4 on Friday night to salvage a doubleheader split. Batting with runners on the corners and one out, Tauchman‚Äôs tapper rolled under Kolby Allard‚Äôs glove. Montgomery scampered home as Allard (2-1) went down to one knee in frustration. Chicago trailed 4-3 before Josh Rojas hit a sacrifice fly off Paul Sewald right before it started to rain in the eighth.","https://www.onlytrustedinfo.com/tauchman-gets-the-winning-hit-in-the-11th-as-the-white-sox-beat-the-guardians-5-4-for-dh-split/","2025-07-13",""
"Marlins OF Kyle Stowers returns to Baltimore as an All-Star","https://i0.wp.com/res.cloudinary.com/glide/image/fetch/https%3A%2F%2Fs.yimg.com%2Fny%2Fapi%2Fres%2F1.2%2Fw2PfTlNnM9Lt9zau1kLTnA--%2FYXBwaWQ9aGlnaGxhbmRlcjt3PTEyNDI7aD04Mjg-%2Fhttps%3A%2F%2Fmedia.zenfs.com%2Fen%2Fap.org%2Fe93b12d38eae954281693b75d2eea55b?ssl=1","sports","","In July 2025, Kyle Stowers‚Äô journey from Triple-A Norfolk to an NL All-Star highlight is remarkable. After being traded by the Orioles last year, he faced tough adjustments in Miami, but this season, everything changed‚Äîhis first hit of 2025 was a walk-off single on opening day, and he has now played in over 100 games. Returning to Baltimore as an All-Star signifies his incredible rise. Discover how Stowers transformed adversity into success and what‚Äôs next for this rising star.","https://www.onlytrustedinfo.com/marlins-of-kyle-stowers-returns-to-baltimore-as-an-all-star/","2025-07-13",""
"All Blacks Secure Series Win with Dominant 43-17 Victory Over France in 2nd Test üí•","https://i0.wp.com/res.cloudinary.com/glide/image/fetch/https%3A%2F%2Fs.yimg.com%2Fny%2Fapi%2Fres%2F1.2%2FBW2vOWxid0Gn9kvH_U4N_A--%2FYXBwaWQ9aGlnaGxhbmRlcjt3PTEyNDI7aD04Mjg-%2Fhttps%3A%2F%2Fmedia.zenfs.com%2Fen%2Fap.org%2F77f17c4dac8f9795c35eba26447cdffd?ssl=1","sports","","WELLINGTON, New Zealand (AP) ‚Äî Ardie Savea scored a try and led the All Blacks superbly Saturday to a 43-17 win over France in the second test and an unassailable 2-0 lead in the three-test series. Savea took over the captaincy from the injured Scott Barrett and under his leadership the All Blacks produced a more intense and physical performance than in the first test in which they scraped home 31-27. The All Blacks dominated through their forwards against a French team that had 10 changes to its starting lineup from the first test and still lacked most of its Six Nations stars.","https://www.onlytrustedinfo.com/improved-all-blacks-beat-france-43-17-in-the-2nd-test-to-seal-a-series-win/","2025-07-13",""
"Yankees Announcer Paul Olden Ends 1,339-Game Streak to Miss Weekend Series üí•","https://i3.wp.com/res.cloudinary.com/glide/image/fetch/https%3A%2F%2Fs.yimg.com%2Fny%2Fapi%2Fres%2F1.2%2F_aFPebO7388MdF7V7q0.QQ--%2FYXBwaWQ9aGlnaGxhbmRlcjt3PTEyNDI7aD04Mjg-%2Fhttps%3A%2F%2Fmedia.zenfs.com%2Fen%2Fap.org%2F079089679a5a8818794872f3e5d0819e?ssl=1","sports","","NEW YORK (AP) ‚Äî New York Yankees public address announcer Paul Olden will miss his first three games since assuming the role 2009 due to a personal obligation, ending a streak of more than 1,300 games. Olden will miss this weekend‚Äôs three-game series against the Chicago Cubs, ending a run of 1,339 regular-season and postseason games. Olden will be replaced by New York City FC‚Äôs public address announcer Mark Fratto. Fratto has announced NYCFC‚Äôs games since the team‚Äôs inaugural MLS season in 2015 and also serves in the same capacity for the Washington Wizards and Washington Commanders.","https://www.onlytrustedinfo.com/yankees-public-address-announcer-paul-olden-to-miss-weekend-series-ending-a-run-of-1339-games/","2025-07-13",""
"Padres LHP Adrian Morejon to replace Phillies‚Äô Zack Wheeler at All-Star Game","https://i2.wp.com/res.cloudinary.com/glide/image/fetch/https%3A%2F%2Fs.yimg.com%2Fny%2Fapi%2Fres%2F1.2%2FTGNq1VFwp82POBkQD0w3MQ--%2FYXBwaWQ9aGlnaGxhbmRlcjt3PTEyNDI7aD04Mjg-%2Fhttps%3A%2F%2Fmedia.zenfs.com%2Fen%2Faol_field_level_media_articles_659%2F99f3f7526413b6b574427a51b9b0f95b?ssl=1","sports","","In July 2025, Padres LHP Adrian Morejon made his All-Star debut, replacing Zack Wheeler and joining Manny Machado, Fernando Tatis Jr., and others on the NL team. With a stellar 7-3 record, 1.71 ERA, and just nine walks across 42 innings, Morejon‚Äôs performance has stood out. His 39 strikeouts highlight his dominance on the mound. As the fifth Padres player to earn All-Star honors this year, his selection signals a rising star‚Äîdiscover what‚Äôs next for Morejon and the Padres‚Äô standout season!","https://www.onlytrustedinfo.com/padres-lhp-adrian-morejon-to-replace-phillies-zack-wheeler-at-all-star-game/","2025-07-13",""
"Semien and Seager Power Rangers to 11-4 Blowout Over Angels in a Dominant July 2025 Win ‚öæ","https://i1.wp.com/res.cloudinary.com/glide/image/fetch/https%3A%2F%2Fs.yimg.com%2Fny%2Fapi%2Fres%2F1.2%2FoxUoB6mI4_4pqtqy0rre2g--%2FYXBwaWQ9aGlnaGxhbmRlcjt3PTEyNDI7aD04Mjg-%2Fhttps%3A%2F%2Fmedia.zenfs.com%2Fen%2Fap.org%2Fada92d0bdb822ac85c2af9cad48bc033?ssl=1","sports","","In July 2025, Marcus Semien‚Äôs 4-for-5 performance and Corey Seager‚Äôs clutch two-run single fueled the Rangers‚Äô 11-4 victory over the Angels. Seven starters drove in at least one run during a 13-hit explosion, including Adolis Garc√≠a‚Äôs 11th homer. Patrick Corbin earned his second straight win with six strikeouts over five innings. With the Rangers‚Äô dominant offense and key pitching performances, this game marked a pivotal moment in their season‚Äîdiscover what‚Äôs next for this rising team.","https://www.onlytrustedinfo.com/semien-and-seager-propel-rangers-to-11-4-blowout-of-angels/","2025-07-13",""
"Padres‚Äô All-Star-laden bullpen is lights out in a 4-2 win over NL East-leading Phillies","https://i1.wp.com/res.cloudinary.com/glide/image/fetch/https%3A%2F%2Fs.yimg.com%2Fny%2Fapi%2Fres%2F1.2%2FNXrOsIMrb7vy.IAz4MsviA--%2FYXBwaWQ9aGlnaGxhbmRlcjt3PTEyNDI7aD04Mjg-%2Fhttps%3A%2F%2Fmedia.zenfs.com%2Fen%2Fap.org%2F313bb92ea9fab378c1b1b62e90a390c4?ssl=1","sports","","In a standout performance, the Padres‚Äô All-Star bullpen shut down the Phillies with 4 1/3 scoreless innings, securing a 4-2 victory. Adam escaped a bases-loaded jam in the eighth, while Morejon and Suarez delivered perfect innings, with Suarez earning his 28th save‚Äîleading the league. This game marked the first season where three Padres relievers made the All-Star team, highlighting their pitching depth. Discover what‚Äôs next for this dominant bullpen and the Padres‚Äô playoff push!","https://www.onlytrustedinfo.com/padres-all-star-laden-bullpen-is-lights-out-in-a-4-2-win-over-nl-east-leading-phillies/","2025-07-13",""
"Alex Rodriguez Teases Timberwolves Rebrand Inspired by Kevin Garnett Era for 2025 Season üèÄ","https://i1.wp.com/res.cloudinary.com/glide/image/fetch/https%3A%2F%2Fs.yimg.com%2Fny%2Fapi%2Fres%2F1.2%2FVC88PDbYuLa.2FP_wiNq5Q--%2FYXBwaWQ9aGlnaGxhbmRlcjt3PTEyNDI7aD04Mjk-%2Fhttps%3A%2F%2Fmedia.zenfs.com%2Fen%2Faol_yahoo_sports_800%2F33a8ffd68b65d07bf28435dbc5f74520?ssl=1","sports","","In July 2025, new Timberwolves owners Alex Rodriguez and Marc Lore revealed plans for a major rebrand inspired by the Kevin Garnett era, aiming to reconnect with longtime fans. The team‚Äôs look could return to its iconic late 90s and early 2000s style, reflecting the franchise‚Äôs rich history. With over four years of strategic groundwork, the ownership team hints at exciting changes ahead. Discover how this bold vision could reshape the Timberwolves‚Äô future‚Äîstay tuned for the next big reveal!","https://www.onlytrustedinfo.com/alex-rodriguez-hints-at-a-potential-timberwolves-rebrand-modeled-after-teams-look-from-kevin-garnett-era/","2025-07-13",""
"Fernando Tatis Jr. and Manny Machado Lead Padres to 4-3 Win with Leadoff Homers in July 2025","https://i2.wp.com/res.cloudinary.com/glide/image/fetch/https%3A%2F%2Fs.yimg.com%2Fny%2Fapi%2Fres%2F1.2%2F6vwwWMTNi.LVlnu3ImW8FQ--%2FYXBwaWQ9aGlnaGxhbmRlcjt3PTEyNDI7aD04Mjg-%2Fhttps%3A%2F%2Fmedia.zenfs.com%2Fen%2Fap.org%2F9012bf7fca535c7b52ae7aac5056f3a5?ssl=1","sports","","SAN DIEGO (AP) ‚Äî Fernando Tatis Jr. and Manny Machado hit leadoff homers and the San Diego Padres beat the Arizona Diamondbacks 4-3 on Thursday night to split a four-game series. Machado led off the fifth inning with his 16th homer to give San Diego a 3-2 lead. Gavin Sheets then singled to chase Arizona starter Eduardo Rodriguez (3-6), and Xander Bogaerts doubled off reliever Juan Morillo to score Sheets. Arizona cut it to 4-3 on Geraldo Perdomo‚Äôs RBI double in the seventh. Jeremiah Estrada pitched the eighth for San Diego, and Robert Suarez worked the ninth for his major league-leading 27th save. Adrian Morejon (7-3) was the winner.","https://www.onlytrustedinfo.com/fernando-tatis-jr-and-manny-machado-hit-leadoff-homers-in-padres-4-3-win-over-diamondbacks/","2025-07-13",""
"Bayer Leverkusen signs US midfielder Malik Tillman for club-record fee","https://i3.wp.com/res.cloudinary.com/glide/image/fetch/https%3A%2F%2Fs.yimg.com%2Fny%2Fapi%2Fres%2F1.2%2FltOwerQ3jQSk.blTRnue0g--%2FYXBwaWQ9aGlnaGxhbmRlcjt3PTEyNDI7aD04Mjg-%2Fhttps%3A%2F%2Fmedia.zenfs.com%2Fen%2Fap.org%2Fd42a9835259423c28956ecc663adf2cb?ssl=1","sports","","Bayer Leverkusen makes a bold statement in 2025 with the record-breaking ‚Ç¨35 million ($41M) signing of US international Malik Tillman, replacing Florian Wirtz. At 23, Tillman boasts versatile midfield skills, capable of playing both number 8 and 10 roles, and has already made a significant impact at PSV Eindhoven. His arrival marks a new era for the Bundesliga club, fueling their title ambitions. Discover how this top signing could reshape Leverkusen‚Äôs season and unlock new potential!","https://www.onlytrustedinfo.com/bayer-leverkusen-signs-us-midfielder-malik-tillman-for-club-record-fee/","2025-07-13",""
"UEFA Demotes Crystal Palace to Conference League Due to Owner Textor‚Äôs Lyon Ties üèÜ","https://i3.wp.com/res.cloudinary.com/glide/image/fetch/https%3A%2F%2Fs.yimg.com%2Fny%2Fapi%2Fres%2F1.2%2FQ38lY1Vej2.lZZ2jwzaWCQ--%2FYXBwaWQ9aGlnaGxhbmRlcjt3PTEyNDI7aD04Mjg-%2Fhttps%3A%2F%2Fmedia.zenfs.com%2Fen%2Fap.org%2F0e1c18b41c5fa7576e602a60d7141eb8?ssl=1","sports","","In July 2025, UEFA demoted Crystal Palace to the Conference League due to ownership links with Lyon through John Textor‚Äôs 43% stake. Despite limited influence, this conflict led to Palace‚Äôs relegation, while Lyon was accepted into the Europa League. The decision follows Lyon‚Äôs recent reprieve from French second division demotion and six weeks of uncertainty for Palace‚Äôs season. Discover what this ruling means for the club‚Äôs future and European competition dynamics.","https://www.onlytrustedinfo.com/crystal-palace-demoted-by-uefa-from-europa-league-because-of-co-owner-textors-ties-to-lyon/","2025-07-13",""
"Mariners pitcher Bryan Woo is working on a no-hitter at Yankee Stadium through 7 innings","https://i3.wp.com/res.cloudinary.com/glide/image/fetch/https%3A%2F%2Fs.yimg.com%2Fny%2Fapi%2Fres%2F1.2%2FJ5GMAoaa6XWf92HHWeHhAw--%2FYXBwaWQ9aGlnaGxhbmRlcjt3PTEyNDI7aD04Mjg-%2Fhttps%3A%2F%2Fmedia.zenfs.com%2Fen%2Fap.org%2F49ccde690957b3347836103df556ea6b?ssl=1","sports","","NEW YORK (AP) ‚Äî All-Star pitcher Bryan Woo is throwing a no-hitter for the Seattle Mariners through seven innings against the New York Yankees on Thursday night. Woo opened the game by walking Jasson Dom√≠nguez and Trent Grisham, then retired 20 straight batters. After the walks, Woo struck out Aaron Judge and retired Jazz Chisholm Jr. on a double play. After three groundouts in the fifth, all on balls hit at least 100 mph, Woo got a called third strike on Dom√≠nguez to end the sixth at 84 pitches. He finished the seventh at 92 pitches when Cody Bellinger flied out to center field.","https://www.onlytrustedinfo.com/mariners-pitcher-bryan-woo-is-working-on-a-no-hitter-at-yankee-stadium-through-7-innings/","2025-07-13",""
"Guardians-White Sox Rain Postponement Leads to Split DH in July 2025 Action","https://i2.wp.com/res.cloudinary.com/glide/image/fetch/https%3A%2F%2Fs.yimg.com%2Fny%2Fapi%2Fres%2F1.2%2F45xpRPdxe1lzUFSvPGZbUQ--%2FYXBwaWQ9aGlnaGxhbmRlcjt3PTEyNDI7aD04Mjg-%2Fhttps%3A%2F%2Fmedia.zenfs.com%2Fen%2Fap.org%2Fb5fa5972cfc7e604ec8b5d13ed559ae7?ssl=1","sports","","In July 2025, the Guardians-White Sox series faced rain delays, leading to a split doubleheader on Friday. Cleveland‚Äôs Logan Allen and Gavin Williams will start the first and second games, while Chicago‚Äôs Shane Smith and Jonathan Cannon will take the mound later. Cleveland sits at 43-48, coming off a three-game sweep at Houston after a 10-game losing streak, while Chicago stands at 31-62. The White Sox will honor late closer Bobby Jenks with ‚Äú45‚Äù patches. Discover what this series means for both teams‚Äô seasons!","https://www.onlytrustedinfo.com/guardians-white-sox-game-postponed-because-of-rain-to-be-made-up-as-part-of-split-dh/","2025-07-13",""
"Celebrities Shine at Wimbledon 2025: Tom Holland, Olivia Rodrigo & More Steal the Spotlight üéæ","https://i0.wp.com/res.cloudinary.com/glide/image/fetch/https%3A%2F%2Fs.yimg.com%2Fny%2Fapi%2Fres%2F1.2%2FM29JI8Sc9UMS.XJVuDiWIA--%2FYXBwaWQ9aGlnaGxhbmRlcjt3PTEyNDI7aD0xNDE5%2Fhttps%3A%2F%2Fmedia.zenfs.com%2Fen%2Faol_nbc_universal_184%2F64a907b7ac78078068160f0b06ef002c?ssl=1","sports","","In July 2025, Wimbledon‚Äôs final week delivered thrilling on-court battles, with Amanda Anisimova aiming for her third Grand Slam title and Jannik Sinner set to face Caros Alcarz in a highly anticipated men's showdown. Off the court, the tournament drew a star-studded crowd, including Tom Holland, Olivia Rodrigo, and Leonardo DiCaprio, highlighting the event‚Äôs cultural impact. With over 150,000 attendees and record-breaking viewership, Wimbledon continues to captivate global audiences‚Äîdiscover what‚Äôs next in this legendary tournament!","https://www.onlytrustedinfo.com/all-the-celebrities-spotted-at-wimbledon-2025-from-tom-holland-to-olivia-rodrigo/","2025-07-13",""
"Tour de France Stage 7 results, standings: Tadej Pogacar wins, reclaims yellow jersey","https://i0.wp.com/res.cloudinary.com/glide/image/fetch/https%3A%2F%2Fs.yimg.com%2Fny%2Fapi%2Fres%2F1.2%2FgXSkiQOQsNlG.UhUsfM5hg--%2FYXBwaWQ9aGlnaGxhbmRlcjt3PTEyNDI7aD04Mjc-%2Fhttps%3A%2F%2Fmedia.zenfs.com%2Fen%2Fusa_today_sports_articles_558%2F06a1bcf9bb8690e244c8b062e1741da8?ssl=1","sports","","In July 2025, Tadej Pogaƒçar surged past Remco Evenepoel and Jonas Vingegaard to win Stage 7, reclaiming the yellow jersey after Mathieu van der Poel held a one-second lead. Pogaƒçar‚Äôs victory marks his third Tour de France overall win, with his stage time 4 seconds faster than the nearest rivals. Robert U. S. advanced to third in the standings, setting the stage for an epic showdown. Discover what‚Äôs next as the race heats up‚Äîstay tuned for the ultimate stage!","https://www.onlytrustedinfo.com/tour-de-france-stage-7-results-standings-tadej-pogacar-wins-reclaims-yellow-jersey/","2025-07-13",""
"Myles Turner joins the Bucks with a fierce focus on contending for titles in 2025 üèÄ","https://i1.wp.com/res.cloudinary.com/glide/image/fetch/https%3A%2F%2Fs.yimg.com%2Fny%2Fapi%2Fres%2F1.2%2F_c4h.j.Zn1Ddfu.nzlZRNw--%2FYXBwaWQ9aGlnaGxhbmRlcjt3PTEyNDI7aD04Mjg-%2Fhttps%3A%2F%2Fmedia.zenfs.com%2Fen%2Fap.org%2F60c3de2418291eb2f0cd6eae3afe941c?ssl=1","sports","","Myles Turner joins the Milwaukee Bucks, aiming to elevate their championship pursuit in 2025. After a decade with the Pacers, where he contributed to a deep playoff run and a Game 7 NBA Finals appearance, Turner is ready for new challenges. The Bucks‚Äô roster now features a player with career averages of 13.5 points, 7.2 rebounds, and 2.3 blocks per game, promising a fierce defensive presence. Discover how Turner‚Äôs move could reshape the Bucks‚Äô title chances this season!","https://www.onlytrustedinfo.com/myles-turner-gets-introduced-by-the-bucks-says-he-wants-to-keep-contending-for-titles/","2025-07-13",""
"Mavericks rookie Cooper Flagg all business as he makes his professional debut at NBA Summer ...","https://i2.wp.com/res.cloudinary.com/glide/image/fetch/https%3A%2F%2Fs.yimg.com%2Fny%2Fapi%2Fres%2F1.2%2FMyjj4qBBhhjcM2Fp1BKKJA--%2FYXBwaWQ9aGlnaGxhbmRlcjt3PTEyNDI7aD04NTE-%2Fhttps%3A%2F%2Fmedia.zenfs.com%2Fen%2Fap.org%2Fc3a91bb73c3db505ca1c37611ec1e522?ssl=1","sports","","In July 2025, Cooper Flagg made a commanding NBA Summer League debut with the Dallas Mavericks, wearing the team's gear and bright white New Balance shoes. Despite missing his first two shots and fouling early, he quickly proved his toughness by going head-to-head with Bronny James. The packed arena erupted as Flagg started in his first official game, showing flashes of potential. With over 5,000 fans watching live, what‚Äôs next for this rising star in his rookie season?","https://www.onlytrustedinfo.com/mavericks-rookie-cooper-flagg-all-business-as-he-makes-his-professional-debut-at-nba-summer-league/","2025-07-13",""
"Travis Kelce and Jason Kelce Trade Footballs for Golf Clubs at Celebrity Golf Tournament ‚Äî S...","https://i0.wp.com/res.cloudinary.com/glide/image/fetch/https%3A%2F%2Fs.yimg.com%2Fny%2Fapi%2Fres%2F1.2%2FzVY_8Df4UKJ4wmH70wKOig--%2FYXBwaWQ9aGlnaGxhbmRlcjt3PTEyNDI7aD04Mjg-%2Fhttps%3A%2F%2Fmedia.zenfs.com%2Fen%2Faol_people_articles_471%2F0601957fc0a55dd0dd062a85d934ccbc?ssl=1","sports","","In July 2025, Travis Kelce and his brother Jason Kelce arrived early at the American Century Championship at Edgewood Tahoe Resort, Nevada. Travis, 35, was spotted perfecting his swing just days before the tournament, which runs from July 11 to 13 and is streamed live on Peacock. The Kelce brothers, known for their podcast New Heights, are set to make a strong showing this year. With over 10,000 viewers tuning in, what surprises will they bring to the course?","https://www.onlytrustedinfo.com/travis-kelce-and-jason-kelce-trade-footballs-for-golf-clubs-at-celebrity-golf-tournament-see-their-swings/","2025-07-13",""
"Quarterfinal injury affected Novak Djokovic ‚Äòquite a bit‚Äô in semifinal defeat, but he‚Äôs set ...","https://i2.wp.com/res.cloudinary.com/glide/image/fetch/https%3A%2F%2Fs.yimg.com%2Fny%2Fapi%2Fres%2F1.2%2FCa_nfZIcyBQOzcWBafCisg--%2FYXBwaWQ9aGlnaGxhbmRlcjt3PTEyNDI7aD04NjQ-%2Fhttps%3A%2F%2Fmedia.zenfs.com%2Fen%2Faol_yahoo_sports_800%2Fb54b4cbd96af00774921214611f0a883?ssl=1","sports","","In July 2025, Novak Djokovic's streak of Wimbledon final appearances ended after a straight-sets loss to Jannik Sinner. The 24-time Grand Slam champ, ranked No. 6, was visibly hampered by an injury sustained during his quarterfinal win over Flavio Cobolli, which included a near-split fall. Despite reaching the semifinals, Djokovic canceled practice sessions, signaling ongoing issues. This pivotal moment raises questions about his comeback prospects and future at Wimbledon‚Äîdiscover what‚Äôs next for the tennis legend!","https://www.onlytrustedinfo.com/quarterfinal-injury-affected-novak-djokovic-quite-a-bit-in-semifinal-defeat-but-hes-set-on-making-wimbledon-return/","2025-07-13",""
"Vientos and Lindor Power Mets to 8-3 Victory Over Royals in Exciting Comeback","https://i1.wp.com/res.cloudinary.com/glide/image/fetch/https%3A%2F%2Fs.yimg.com%2Fny%2Fapi%2Fres%2F1.2%2FllumDlU.llo8lk4OkzjxhQ--%2FYXBwaWQ9aGlnaGxhbmRlcjt3PTEyNDI7aD04Mjg-%2Fhttps%3A%2F%2Fmedia.zenfs.com%2Fen%2Fap.org%2F862a7dc045264b83f8078ccba87147b7?ssl=1","sports","","In an electrifying game, the Mets rallied from behind with Vientos‚Äô crucial three-run double in the eighth and Lindor‚Äôs 19th homer in the ninth, securing an 8-3 win over the Royals. Juan Soto‚Äôs 22nd homer marked back-to-back blasts by the Mets, while Brazob√°n improved to 5-2 with a dominant performance. Lindor now boasts 29 homers and 81 RBIs against Kansas City, his top rival. Discover what fueled this explosive victory and what‚Äôs next for the Mets!","https://www.onlytrustedinfo.com/mark-vientos-and-francisco-lindor-lead-the-mets-past-the-royals-8-3/","2025-07-13",""